Epoch,Training Loss,Validation Loss
1,1.6418,1.0955266952514648
2,1.0548,1.0138680934906006
3,0.8571,0.9629011154174805
4,0.7426,0.972926914691925
